Model,Factor,Comparison,Global P-Value,OR,95% CI
Model 1: Unadjusted,Outlet Type,Butcher shop,0.0521,0.14,"[0.02, 0.69]"
Model 1: Unadjusted,Outlet Type,Public market,0.0521,0.18,"[0.03, 0.84]"
Model 3: Fully Adjusted,Specific Serovar,"S. 1,4,[5],12:i:-",< 0.0001,3.30,"[0.26, 31.44]"
Model 3: Fully Adjusted,Specific Serovar,S. Agona,< 0.0001,1.12,"[0.01, 16.89]"
Model 3: Fully Adjusted,Specific Serovar,S. Derby,< 0.0001,0.69,"[0.00, 9.59]"
Model 3: Fully Adjusted,Specific Serovar,S. Give,< 0.0001,2.00,"[0.01, 40.31]"
Model 3: Fully Adjusted,Specific Serovar,S. London,< 0.0001,0.59,"[0.00, 8.39]"
Model 3: Fully Adjusted,Specific Serovar,S. Montevideo,< 0.0001,1.03,"[0.01, 19.84]"
Model 3: Fully Adjusted,Specific Serovar,S. Muenchen,< 0.0001,1.42,"[0.01, 23.23]"
Model 3: Fully Adjusted,Specific Serovar,S. Muenster,< 0.0001,22.16,"[0.93, 588.18]"
Model 3: Fully Adjusted,Specific Serovar,S. Newport,< 0.0001,43.60,"[9.76, 286.26]"
Model 3: Fully Adjusted,Specific Serovar,S. Senftenberg,< 0.0001,70.72,"[8.75, 1215.97]"
Model 3: Fully Adjusted,Specific Serovar,S. Typhimurium,< 0.0001,13.28,"[1.11, 212.97]"
Model 3: Fully Adjusted,Macro-Region,Center,0.0087,0.91,"[0.20, 4.46]"
Model 3: Fully Adjusted,Macro-Region,South,0.0087,0.10,"[0.02, 0.49]"
Model 3: Fully Adjusted,Outlet Type,Butcher shop,0.2580,0.17,"[0.01, 1.57]"
Model 3: Fully Adjusted,Outlet Type,Public market,0.2580,0.17,"[0.01, 1.50]"
