Region,Location (City),Total Isolates (N),Serovar Richness (S),Shannon Index (H'),Pielou's Evenness (J')
North,Tepic,12,5,1.314,0.817
North,Aguascalientes,9,4,1.215,0.876
North,Hermosillo,7,4,1.277,0.921
North,Durango,6,2,0.637,0.918
North,Monterrey,6,3,1.011,0.921
North,San Luis Potosí,4,2,0.562,0.811
North,Tampico,2,1,0,1
North,La Paz,1,1,0,1
North,Torreón,1,1,0,1
Center,Toluca,27,9,1.963,0.893
Center,Ciudad de México,12,5,1.468,0.912
Center,Cuernavaca,11,4,1.342,0.968
Center,Puebla,10,6,1.643,0.917
Center,Pachuca,8,5,1.494,0.928
Center,Chilpancingo,6,3,1.011,0.921
Center,Guanajuato,4,3,1.04,0.946
Center,Guadalajara,3,2,0.637,0.918
Center,Colima,2,2,0.693,1
Center,Querétaro,1,1,0,1
Center,Tlaxcala,1,1,0,1
South,Mérida,17,5,1.313,0.816
South,Tuxtla Gutiérrez,11,4,1.295,0.934
South,Veracruz,7,3,0.796,0.725
South,Campeche,6,3,0.868,0.79
South,Oaxaca,4,1,0,1
South,Chetumal,3,1,0,1
South,Villahermosa,3,2,0.637,0.918
