Variable,Serovar,Reference,OR,95% CI,P-Value
MDR_Genotypic,"S. 1,4,[5],12:i:-",S. Anatum,0.81,"[0.12, 4.80]",0.8178
MDR_Genotypic,S. Agona,S. Anatum,0.81,"[0.12, 4.80]",0.8178
MDR_Genotypic,S. Derby,S. Anatum,2.50,"[0.51, 15.72]",0.2623
MDR_Genotypic,S. Give,S. Anatum,0.23,"[0.00, 3.10]",0.2914
MDR_Genotypic,S. Infantis,S. Anatum,0.05,"[0.00, 0.49]",0.0051
MDR_Genotypic,S. London,S. Anatum,0.42,"[0.09, 1.63]",0.2141
MDR_Genotypic,S. Montevideo,S. Anatum,0.13,"[0.00, 1.35]",0.0940
MDR_Genotypic,S. Muenchen,S. Anatum,0.38,"[0.03, 2.37]",0.3123
MDR_Genotypic,S. Muenster,S. Anatum,0.68,"[0.06, 5.75]",0.7244
MDR_Genotypic,S. Newport,S. Anatum,5.07,"[1.66, 17.48]",0.0039
MDR_Genotypic,S. Senftenberg,S. Anatum,4.93,"[0.88, 51.50]",0.0707
MDR_Genotypic,S. Typhimurium,S. Anatum,17.07,"[1.80, 2287.68]",0.0089
MDR_Phenotypic,"S. 1,4,[5],12:i:-",S. Anatum,0.93,"[0.14, 5.49]",0.9320
MDR_Phenotypic,S. Agona,S. Anatum,1.81,"[0.31, 12.30]",0.5064
MDR_Phenotypic,S. Derby,S. Anatum,1.01,"[0.20, 4.88]",0.9918
MDR_Phenotypic,S. Give,S. Anatum,0.26,"[0.00, 3.54]",0.3405
MDR_Phenotypic,S. Infantis,S. Anatum,0.20,"[0.02, 1.07]",0.0604
MDR_Phenotypic,S. London,S. Anatum,0.17,"[0.02, 0.86]",0.0300
MDR_Phenotypic,S. Montevideo,S. Anatum,0.14,"[0.00, 1.54]",0.1209
MDR_Phenotypic,S. Muenchen,S. Anatum,0.43,"[0.04, 2.71]",0.3849
MDR_Phenotypic,S. Muenster,S. Anatum,0.19,"[0.00, 2.16]",0.2004
MDR_Phenotypic,S. Newport,S. Anatum,5.77,"[1.89, 20.00]",0.0017
MDR_Phenotypic,S. Senftenberg,S. Anatum,19.44,"[2.05, 2607.24]",0.0057
MDR_Phenotypic,S. Typhimurium,S. Anatum,19.44,"[2.05, 2607.24]",0.0057
FEN_STR,"S. 1,4,[5],12:i:-",S. Anatum,0.81,"[0.12, 4.80]",0.8178
FEN_STR,S. Agona,S. Anatum,1.59,"[0.27, 10.77]",0.6036
FEN_STR,S. Derby,S. Anatum,1.46,"[0.30, 7.57]",0.6324
FEN_STR,S. Give,S. Anatum,0.23,"[0.00, 3.10]",0.2914
FEN_STR,S. Infantis,S. Anatum,0.53,"[0.11, 2.17]",0.3841
FEN_STR,S. London,S. Anatum,0.42,"[0.09, 1.63]",0.2141
FEN_STR,S. Montevideo,S. Anatum,0.13,"[0.00, 1.35]",0.0940
FEN_STR,S. Muenchen,S. Anatum,0.38,"[0.03, 2.37]",0.3123
FEN_STR,S. Muenster,S. Anatum,0.16,"[0.00, 1.89]",0.1633
FEN_STR,S. Newport,S. Anatum,1.39,"[0.51, 3.86]",0.5203
FEN_STR,S. Senftenberg,S. Anatum,2.50,"[0.51, 15.72]",0.2623
FEN_STR,S. Typhimurium,S. Anatum,4.93,"[0.88, 51.50]",0.0707
FEN_AMP,"S. 1,4,[5],12:i:-",S. Anatum,1.89,"[0.27, 11.65]",0.4953
FEN_AMP,S. Agona,S. Anatum,1.89,"[0.27, 11.65]",0.4953
FEN_AMP,S. Derby,S. Anatum,0.61,"[0.06, 3.59]",0.6075
FEN_AMP,S. Give,S. Anatum,0.53,"[0.00, 7.44]",0.6736
FEN_AMP,S. Infantis,S. Anatum,0.13,"[0.00, 1.19]",0.0755
FEN_AMP,S. London,S. Anatum,0.35,"[0.03, 1.84]",0.2288
FEN_AMP,S. Montevideo,S. Anatum,0.29,"[0.00, 3.25]",0.3654
FEN_AMP,S. Muenchen,S. Anatum,0.88,"[0.08, 5.77]",0.9021
FEN_AMP,S. Muenster,S. Anatum,0.38,"[0.00, 4.55]",0.4924
FEN_AMP,S. Newport,S. Anatum,4.92,"[1.71, 15.29]",0.0029
FEN_AMP,S. Senftenberg,S. Anatum,2.06,"[0.39, 10.44]",0.3827
FEN_AMP,S. Typhimurium,S. Anatum,11.47,"[1.99, 122.74]",0.0051
FEN_AMC,"S. 1,4,[5],12:i:-",S. Anatum,1.04,"[0.01, 15.34]",0.9824
FEN_AMC,S. Agona,S. Anatum,3.80,"[0.30, 36.54]",0.2696
FEN_AMC,S. Derby,S. Anatum,0.76,"[0.01, 10.76]",0.8605
FEN_AMC,S. Give,S. Anatum,2.28,"[0.01, 42.11]",0.6475
FEN_AMC,S. Infantis,S. Anatum,0.54,"[0.00, 7.43]",0.6841
FEN_AMC,S. London,S. Anatum,0.46,"[0.00, 6.16]",0.5939
FEN_AMC,S. Montevideo,S. Anatum,1.27,"[0.01, 19.48]",0.8871
FEN_AMC,S. Muenchen,S. Anatum,1.04,"[0.01, 15.34]",0.9824
FEN_AMC,S. Muenster,S. Anatum,1.63,"[0.01, 26.66]",0.7770
FEN_AMC,S. Newport,S. Anatum,2.56,"[0.56, 15.29]",0.2303
FEN_AMC,S. Senftenberg,S. Anatum,5.18,"[0.67, 41.40]",0.1101
FEN_AMC,S. Typhimurium,S. Anatum,8.87,"[1.36, 69.04]",0.0234
FEN_CRO,"S. 1,4,[5],12:i:-",S. Anatum,1.79,"[0.01, 38.51]",0.7434
FEN_CRO,S. Agona,S. Anatum,1.79,"[0.01, 38.51]",0.7434
FEN_CRO,S. Derby,S. Anatum,1.31,"[0.01, 27.32]",0.8748
FEN_CRO,S. Give,S. Anatum,3.93,"[0.02, 100.00]",0.4805
FEN_CRO,S. Infantis,S. Anatum,0.94,"[0.01, 19.03]",0.9686
FEN_CRO,S. London,S. Anatum,0.79,"[0.01, 15.82]",0.8836
FEN_CRO,S. Montevideo,S. Anatum,2.19,"[0.01, 48.43]",0.6666
FEN_CRO,S. Muenchen,S. Anatum,1.79,"[0.01, 38.51]",0.7434
FEN_CRO,S. Muenster,S. Anatum,2.81,"[0.02, 65.25]",0.5799
FEN_CRO,S. Newport,S. Anatum,3.47,"[0.59, 36.30]",0.1744
FEN_CRO,S. Senftenberg,S. Anatum,4.54,"[0.33, 63.32]",0.2334
FEN_CRO,S. Typhimurium,S. Anatum,15.30,"[2.00, 188.84]",0.0086
FEN_CHL,"S. 1,4,[5],12:i:-",S. Anatum,0.93,"[0.14, 5.49]",0.9320
FEN_CHL,S. Agona,S. Anatum,1.81,"[0.31, 12.30]",0.5064
FEN_CHL,S. Derby,S. Anatum,1.01,"[0.20, 4.88]",0.9918
FEN_CHL,S. Give,S. Anatum,0.26,"[0.00, 3.54]",0.3405
FEN_CHL,S. Infantis,S. Anatum,0.20,"[0.02, 1.07]",0.0604
FEN_CHL,S. London,S. Anatum,0.17,"[0.02, 0.86]",0.0300
FEN_CHL,S. Montevideo,S. Anatum,0.14,"[0.00, 1.54]",0.1209
FEN_CHL,S. Muenchen,S. Anatum,0.43,"[0.04, 2.71]",0.3849
FEN_CHL,S. Muenster,S. Anatum,0.19,"[0.00, 2.16]",0.2004
FEN_CHL,S. Newport,S. Anatum,5.77,"[1.89, 20.00]",0.0017
FEN_CHL,S. Senftenberg,S. Anatum,5.62,"[1.00, 58.75]",0.0494
FEN_CHL,S. Typhimurium,S. Anatum,5.62,"[1.00, 58.75]",0.0494
FEN_SXT,"S. 1,4,[5],12:i:-",S. Anatum,0.57,"[0.05, 3.58]",0.5612
FEN_SXT,S. Agona,S. Anatum,0.57,"[0.05, 3.58]",0.5612
FEN_SXT,S. Derby,S. Anatum,0.39,"[0.04, 2.22]",0.3079
FEN_SXT,S. Give,S. Anatum,0.34,"[0.00, 4.67]",0.4549
FEN_SXT,S. Infantis,S. Anatum,0.08,"[0.00, 0.74]",0.0213
FEN_SXT,S. London,S. Anatum,0.22,"[0.02, 1.13]",0.0724
FEN_SXT,S. Montevideo,S. Anatum,0.19,"[0.00, 2.03]",0.1935
FEN_SXT,S. Muenchen,S. Anatum,0.57,"[0.05, 3.58]",0.5612
FEN_SXT,S. Muenster,S. Anatum,0.24,"[0.00, 2.84]",0.2937
FEN_SXT,S. Newport,S. Anatum,6.13,"[2.06, 20.27]",0.0009
FEN_SXT,S. Senftenberg,S. Anatum,25.43,"[2.67, 3416.79]",0.0022
FEN_SXT,S. Typhimurium,S. Anatum,0.11,"[0.00, 1.08]",0.0607
FEN_CIP,"S. 1,4,[5],12:i:-",S. Anatum,5.55,"[0.03, 1079.59]",0.4261
FEN_CIP,S. Agona,S. Anatum,20.33,"[0.94, 3167.09]",0.0546
FEN_CIP,S. Derby,S. Anatum,4.07,"[0.02, 781.75]",0.5064
FEN_CIP,S. Give,S. Anatum,12.20,"[0.06, 2521.30]",0.2732
FEN_CIP,S. Infantis,S. Anatum,9.63,"[0.47, 1454.94]",0.1381
FEN_CIP,S. London,S. Anatum,2.44,"[0.01, 462.68]",0.6647
FEN_CIP,S. Montevideo,S. Anatum,6.78,"[0.03, 1333.70]",0.3805
FEN_CIP,S. Muenchen,S. Anatum,5.55,"[0.03, 1079.59]",0.4261
FEN_CIP,S. Muenster,S. Anatum,8.71,"[0.04, 1744.40]",0.3301
FEN_CIP,S. Newport,S. Anatum,1.03,"[0.01, 193.79]",0.9868
FEN_CIP,S. Senftenberg,S. Anatum,4.07,"[0.02, 781.75]",0.5064
FEN_CIP,S. Typhimurium,S. Anatum,27.73,"[1.93, 4038.61]",0.0135
FEN_TET,"S. 1,4,[5],12:i:-",S. Anatum,4.44,"[0.71, 48.35]",0.1142
FEN_TET,S. Agona,S. Anatum,2.07,"[0.35, 14.09]",0.4171
FEN_TET,S. Derby,S. Anatum,1.15,"[0.22, 5.60]",0.8608
FEN_TET,S. Give,S. Anatum,0.30,"[0.00, 4.06]",0.3948
FEN_TET,S. Infantis,S. Anatum,0.44,"[0.07, 1.93]",0.2836
FEN_TET,S. London,S. Anatum,0.55,"[0.12, 2.14]",0.3925
FEN_TET,S. Montevideo,S. Anatum,0.16,"[0.00, 1.76]",0.1538
FEN_TET,S. Muenchen,S. Anatum,0.49,"[0.05, 3.11]",0.4678
FEN_TET,S. Muenster,S. Anatum,0.21,"[0.00, 2.47]",0.2437
FEN_TET,S. Newport,S. Anatum,11.21,"[3.27, 49.07]",< 0.0001
FEN_TET,S. Senftenberg,S. Anatum,6.41,"[1.14, 67.22]",0.0337
FEN_TET,S. Typhimurium,S. Anatum,3.26,"[0.66, 20.56]",0.1482
FEN_AZM,"S. 1,4,[5],12:i:-",S. Anatum,2.62,"[0.22, 21.31]",0.4025
FEN_AZM,S. Agona,S. Anatum,0.71,"[0.01, 9.12]",0.8259
FEN_AZM,S. Derby,S. Anatum,0.52,"[0.00, 6.36]",0.6590
FEN_AZM,S. Give,S. Anatum,1.57,"[0.01, 25.75]",0.7923
FEN_AZM,S. Infantis,S. Anatum,0.37,"[0.00, 4.37]",0.4831
FEN_AZM,S. London,S. Anatum,0.31,"[0.00, 3.62]",0.3989
FEN_AZM,S. Montevideo,S. Anatum,0.87,"[0.01, 11.64]",0.9312
FEN_AZM,S. Muenchen,S. Anatum,0.71,"[0.01, 9.12]",0.8259
FEN_AZM,S. Muenster,S. Anatum,4.71,"[0.36, 48.66]",0.2120
FEN_AZM,S. Newport,S. Anatum,19.87,"[5.60, 90.68]",< 0.0001
FEN_AZM,S. Senftenberg,S. Anatum,34.05,"[5.15, 413.00]",0.0001
FEN_AZM,S. Typhimurium,S. Anatum,3.57,"[0.50, 23.67]",0.1933
